United States,200 South Capitol Street, ,Clinton,Mississippi,39058
United States,118 College Drive # 0001, ,Hattiesburg,Mississippi,39406
United States,One University Boulevard, ,Saint Louis,Missouri,63121
United States,1051 Kings Hwy  Suite #1, ,Rolla,Missouri,65401
United States,Montana State University, ,Bozeman,Montana,59717
United States,5191 W. Charleston  #150, ,Las Vegas,Nevada,89146
United States,6375 W. Charleston Blvd., ,Las Vegas,Nevada,89146
United States,5093 South McCarran Blvd, ,Reno,Nevada,89502
United States,Park Ave and Randolph Rd, ,Plainfield,New Jersey,07061
United States,1600 St. Michael's Drive, ,Santa Fe,New Mexico,87505
United States,6610 North Lovington Hwy, ,Hobbs,New Mexico,88240
United States,24-02 Queens Plaza South, ,Long Island City,New York,11101
United States,1380 Metropolitan Avenue, ,Bronx,New York,10462
United States,3650 Millersport Highway, ,Getzville,New York,14068
United States,West 116 St and Broadway, ,New York,New York,10027
United States,94-20 Guy R. Brewer Blvd, ,Jamaica,New York,11451
United States,154 W 14TH St 10th floor, ,New York,New York,10011
United States,4400 Vestal Parkway East, ,Vestal,New York,13850
Spain, Calle de Serrano 122, Alemdar Fatih, Madrid, ,28006
Spain, 37 Paseo del General Martínez Campos, ,Madrid, ,28010
Spain, Calle Cava Baja 35, , Madrid, , 28005
Puerto Rico,1289 Ave. Munoz Rivera, ,Ponce, ,00717
United States,Box 1550, ,New York,New York,10116
United States,10850 Lincoln Trail Unit 16, ,Fairview Heights,Illinois,62208
United States,18474 County Rd 34, ,Saint Stephens,Alabama,36569
United States,39 Main St, ,Roebling,New Jersey,08554
United States,8000 Pass Del Norte NE,Suite A,Albuquerque,New Mexico,87122
United States,7701 Landover Rd #5, ,Landover,North Carolina ,20784
United States,2601 Cameron Mills Rd,9,Albuquerque,Virginia,22302
"Virgin Islands, U.S.",3076 Aldersville Ste 3 , ,Christiansted, ,00820
"Virgin Islands, U.S.",5027 Anchor Way Ste 4 , ,Christiansted, ,00820
"Virgin Islands, U.S.",78 Hannahs Rst Ste 1 , ,Frederiksted, ,00840
United Kingdom,117 Russell Drive, ,London,England,WIP 6HQ
Russian Federation,Kishinevskaya ul., 6, Sochi,Krasnodar Krai,N/A
India,1313 Mockingbird Lane,Mockingbird Heights,New Delhi,Haryana,N/A
Greenland,1231 Highland , ,Houston, ,77076
Hong Kong,Box 4175,28 Des Voeux Road,Sheung Wan,Hong Kong,N/A
Germany,Hainichener Strasse 64, ,Freiberg,Germany,N/A
Japan,46 Hirao Johsui Machi, ,Chuo-ku Fukuoka-Shi,Fukuoka,N/A
Thailand,333 Charoen Nakorn, ,Bangkok,Khlong San,10600
India,62, 3rd Kumbharwada,Dr MG Mahimtura Marg Chor Bazaar,Mumbai,Maharashtra,400004
Netherlands,23 Burgemeester Jonkheer Hesselt van Dinterstraat, ,Nootdorp,Netherlands ,2631
Netherlands,Oudezijds Voorburgwal 197 , ,Amsterdam, ,1012 EX
India,CO 445-446, Sector 35-C, 1st Floor , ,Chandigarh,Chandigarh,160016
Australia,1313 Mockingbird Lane,Mockingbird Heights,Perth,Western Australia,N/A
Indonesia,Kawasan Pariwisata Nusa Dua, Btdc Lot N-3,Nusa Dua,Bali,N/A,
Kenya,33 Boulevard L.D Kabila, ,Kananga,Mbuji-Mayi,N/A,
Belarus,Vulica Internacyjanalnaja 28,,Minsk,Belarus,220030
France,65 Rue D'anjou, ,Versailles, ,78000
France,61 Rue d'Anjou, ,Versailles,Versailles,78000
France,13 Rue Monseigneur Gibier, ,Versailles, ,78000
France,16 Rue Des Francs-Bourgeois,3E Arrondissement,Paris, ,75003
France,152 Boulevard Voltaire,11E Arrondissement,Paris, ,75011
Netherlands,Gedempte Zuiderdiep 78, ,Groningen, ,9711 HL
Netherlands,Vismarkt 27, ,Groningen, ,9712 CA
France,Rue Port Notre Dame, ,Sainte Marie De Re, ,17740
France,1-3 Rue Thiers, ,La Rochelle, ,17000
France,30 Rue Rameau, ,La Rochelle, ,17000
Belgium,Avenue De L'atomium, ,Brussels, ,1020
Belgium,Avenue De Jette 406, ,Ganshoren, ,1083
China,9 Jianguomenneidajie, ,Dongchengqu,Beijing,100005
China,Bldg 1,11 Sanlitunlu,Dongchengqu,Beijing,100027
Turkey,Alemdar Mah.,Catalcesme Sokagi No:21,Fatih,Istanbul,34110
Jordan,Mahmoud Ibrahim Al Badawi & Partners Co,42 Al Qastalani St,Amman, ,11591
Jordan,Suleiman Mohammad Al Banna & Sons Co,48 Ubay Bin Muath St,Amman, ,11593
Jordan,Complex 62,62 Mohammad Reda Al Shabibi St,Amman, ,11593
Belgium,Avenue De Jette 406, ,Ganshoren,Brussels,1083
United Kingdom,2 Ffordd Caergybi, ,, ,LL61 5TZ
Netherlands,Oudezijds Voorburgwal 197, ,Amsterdam, ,1012 EX
Netherlands,Oudezijds Voorburgwal 197, ,Amsterdam, ,1012 EX
"Virgin Islands, U.S.",34 S Main St, ,Keddysville, ,21756
Puerto Rico,7843 Calle Nazaret, ,Ponce,Puerto Rico,00717
Puerto Rico,7843 Calle Nazaret, ,Ponce,Puerto Rico,00717
Russian Federation,Kishinevskaya Ulitsa, 6, Sochi,Krasnodar Krai,N/A
Puerto Rico,3315 Ponce Byp,Apt 1,Ponce,Puerto Rico,00728
Puerto Rico,3315 Ponce Byp,Apt 2,Ponce,Puerto Rico,00728
"Virgin Islands, U.S.",3076 Aldersville Ste 3, ,Christiansted, ,00820
China,9 Jianguomenneidajie, ,Dongchengqu,Beijing,100005
Japan,46 Hirao Johsui Machi, ,Chuo-ku Fukuoka-Shi,Fukuoka,N/A
Thailand,333 Charoen Nakorn, ,Bangkok,Khlong San,10600
Thailand,333 Charoen Nakorn 34/2, ,Bang Lam Phu Lang,Khlong San, Bangkok,10600
Puerto Rico,1289 Ave Munoz Rivera, ,Ponce,Puerto Rico,00717
France,30 Rue Rameau, ,La Rochelle, ,17000
Netherlands,Oudezijds Voorburgwal 197, ,Amsterdam, ,1012 EX
Thailand,333 Charoen Nakorn, ,Bangkok,Khlong San,10600
United States,1600 Pennsylvania Ave NW, , Washington, District of Columbia, 20500
United States, 8000 Pass Del Norte NE, Suite A, Albuquerque, New Mexico, 87122
United States,2221 Argonne Avenue ,,Long Beach,California,90815
United States,5959 Greenback Lane #500,,Citrus Heights,California,95621
United States,22250 Elkwood Street,,Canoga Park,California,91304
United States,369 College Road ,,Richlands,Virginia,24641
United States,5001 Lyndon B. Johnson Freeway  Heritage Square,,Farmers Branch,Texas,75244
United States,50 Penn Place Office Tower,,Oklahoma City,Oklahoma,73118
United States,1380 Lawrence Street  Lawrence Street Center,,Denver,Colorado,80217
United States,364 Henry Administration Building  506 S Wright Street,,Urbana,Illinois,61801
United States,680 Sonoma Mountain Parkway,,Petaluma,California,94954
United States,1950 N. Stemmons Freeway,,Dallas,Texas,75207
United States,8441 State Hwy 47  Clinical Building 1 - Suite 3100,,Bryan,Texas,77807
United States,100 Universal City Plaza  Building 9128 / Suite 179,,Universal City,California,91608
United States,13699 South Quince Quince Avenue and Tiller Avenue,,Caruthers,California,93609
United States,10 Sonoma Avenue Building 942 Camp San Luis Obispo,,San Luis Obispo,California,93405
United States,2 Teleport Drive  Suite 203,,Staten Island,New York,10311
United States,111 S. Independence Mall East,,Philadelphia,Pennsylvania,19106
United States,13801 Riverport Dr,,Saint Louis,Missouri,63043
United States,100 Universal City Plaza  Building 9128  Suite 179,,Universal City,California,91608
United States,Highway 32 And Los Robles Street 300 Sixth Street,,Hamilton City,California,95951
United States,Loma Vista Adult Center - 1266 San Carlos Avenue.,,Concord,California,94518
United States,1430 N Street  Suite 5401 School Fiscal Services,,Sacramento,California,94214
United States,6930 State Highway 3 Highway 3 and School Street,,Hayfork,California,96041
United States,1900 S. Knoles Dr  Babbitt Administrative Center,,Flagstaff,Arizona,86011
United States,6302 E. Dr. Martin Luther King Jr. Blvd  Ste 400,,Tampa,Florida,33619
United States,Three Lakepointe Plaze  2110 Water Ridge Parkway,,Charlotte,North Carolina,28217
United States,Claiborne Building  1201 N. 3rd St.  Suite 7-300,,Baton Rouge,Louisiana,70802
United States,Rochester Tech Park  Building 9  160 Wallace Way,,Rochester,New York,14624
United States,1000 East Victoria Street  Building SAC3 rm3117,,Carson,California,90747
United States,22250 Elkwood Street c/o Columbus Middle School,,Canoga Park,California,91304
United States,651 Eighth Street  Building 229 Treasure Island,,San Francisco,California,94130
United States,1000 South Fremont Avenue  Bldg A-11  Ste 11010,,Alhambra,California,91803
United States,Michael J. Grant Campus  1001 Crooked Hill Road,,Brentwood,New York,11717
United States,2592 Eastern Blvd  Kingston Square Shopping Ctr,,York,Pennsylvania,17402
United States,4300 Fashion Square Blvd.  2nd Floor  Suite 202,,Saginaw,Michigan,48603
United States,1755 Airport Boulevard  Adminstration Building,,Red Bluff,California,96080
United States,10315 Professional Circle  Suite 201 (2nd Flr),,Reno,Nevada,89521
United States,LIU/Westchester Campus  735 Anderson Hill Road,,Purchase,New York,10577
United States,2400 East Highland Drive  3rd Floor  Suite 300,,Jonesboro,Arkansas,72401
United States,Springfield College - School of Human Services,,Springfield,Massachusetts,01109
United States,1729 West Martin Luther King Junior Boulevard,,Los Angeles,California,90062
United States,2009 West Martin Luther King Junior Boulevard,,Los Angeles,California,90062
United States,915 South Mooney Boulevard  Mariposa Building,,Visalia,California,93277
United States,910 Yukon Drive  Suite 202 Butrovich Building,,Fairbanks,Alaska,99775
United States,408 Administration Building  201 Dowman Drive,,Atlanta,Georgia,30322
United States,800 Georgia Southwestern State University Dr.,,Americus,Georgia,31709
United States,Miller Administration Building  Graham Avenue,,Cortland,New York,13045
United States,Iverson Mall  3705 Branch Avenue  Lower Level,,Hillcrest Heights,Maryland,20748
United States,6600 Peachtree Dunwoody Road  500 Embassy Row,,Atlanta,Georgia,30328
United States,200 Ballardvale Street  Building 1  Suite 200,,Wilmington,Massachusetts,1887
United States,Analytic Studies 401 Golden Shore  6th Floor,,Long Beach,California,90802
United States,6600 Peachtree Dunwoody Rd.  100 Embassy Row,,Atlanta,Georgia,30328
United States,1621 N. Kent St  Suite 1617 Ll Rosslyn Plaza,,Arlington,Virginia,22209
United States,Two Liberty Square  75 Beattie Place Ste 100,,Greenville,South Carolina,29601
United States,5775 Peachtree-Dunwoody Road  NE  Suite A100,,Atlanta,Georgia,30342
United States,3906 East Frontage Highway 52 Road Northwest,,Rochester,Minnesota,55901
United States,Administration Bldg 200; 1509 N Boulder Ave,,Russellville,Arkansas,72801
United States,8025 Black Horse Pike Bayport One Suite 250,,West  Atlantic City,New Jersey,08232
United States,Triangle Corporate Park  13221 SW 68th Pkwy,,Tigard,Oregon,97223
United States,10131 Coors Boulevard North West Suite I-01,,Albuquerque,New Mexico,87114
United States,2 Greentree Centre  9000 Lincoln Dr Ste 100,,Marlton,New Jersey,08053
United States,1505 Northeast Kentucky Industrial Parkway,,Greenup,Kentucky,41144
United States,600 South La Fayette Park Place  1st Floor,,Los Angeles,California,90057
United States,8260 Longleaf Drive  Building C  2nd Floor,,Elk Grove,California,95758
United States,1331 East Calaveras Boulevard Building 700,,Milpitas,California,95035
United States,2405 South Mount Shasta Boulevard  Suite 3,,Mount Shasta,California,96067
United States,1045 W. Redondo Beach Boulevard  Suite 275,,Gardena,California,90247
United States,3563 Phillips Highway Building E Suite 501,,Jacksonville,Florida,32207
United States,202 East University Street  suite H  I & J,,Urbana,Illinois,61801
United States,374 Whitmore Building 181 Presidents Drive,,Amherst,Massachusetts,01003
United States,LAKESIDE BUSINESS PARK  1500 LIBERTY PLACE,,ERIAL,New Jersey,08081
United States,1305 Blackwood-Clementon Rd Commerce Plz 2,,Laurel Springs,New Jersey,08021
United States,1049 SW Baseline Rd  Suite 500  Building E,,Hillsboro,Oregon,97123
United States,5250 Seventy-Seven Center Drive  Suite 100,,Charlotte,North Carolina,28217
United States,3700 S. Jack Kultgen Expressway  Suite 100,,Waco,Texas,76706
United States,2202 West Martin Luther King Jr Boulevard,,Los Angeles,California,90008
United States,7905 Valentine Avenue 7611 Huntley Street,,Sebastopol,California,95472
United States,Whipple Administration Building  Route 20,,Morrisville,New York,13408
United States,3 Broadway Exec Pk  6501 N. Broadway Ext.,,Oklahoma City,Oklahoma,73116
United States,15th & Akron  317 Administration Building,,Lubbock,Texas,79409
United States,IDS Center  80 South 8th Street  Suite 51,,Minneapolis,Minnesota,55402
United States,300 University Square  111 South Broadway,,Rochester,Minnesota,55904
United States,Two Columbus Center  4500 Main St Ste 100,,Virginia Beach,Virginia,23462
United States,56300 Twentynine Palms Highway  Suite 113,,Yucca Valley,California,92284
United States,9550 Regency Square Boulevard  Suite 1200,,Jacksonville,Florida,32225
United States,155 West Washington Boulevard  Suite 517,,Los Angeles,California,90015
United States,3801 West Temple Avenue  Building 128-16,,Pomona,California,91768
United States,405 South San Gabriel Boulevard  Suite A,,San Gabriel,California,91776
United States,9300 Valley Children's Place  Suite GE02,,Madera,California,93636
United States,3525 Martin Luther King Junior Boulevard,,Sacramento,California,95817
United States,770 North Eighth Street and Ritchie Road,,Grover Beach,California,93433
United States,Strong Hall  1450 Jayhawk Blvd  Room 230,,Lawrence,Kansas,66045
United States,2100 State Highway #38 Plaza Cherry Hill,,Cherry Hill,New Jersey,08002
United States,766 The Avenue of the Americas 4th Floor,,New York,New York,10001
United States,125 West Station Square Drive  Suite 129,,Pittsburgh,Pennsylvania,15219
United States,E. Highway 18   101 Antelope Lake Circle,,Mission,South Dakota,57555
United States,River Oaks Plaza  4140 Southwest Freeway,,Houston,Texas,77027
United States,980 Hammond Drive  Building 2  Suite 100,,Atlanta,Georgia,30328
United States,Adult Education Office  8250 State St Rd,,Batavia,New York,14020
United States,Huntingdon Cnty Campus 1001 Moore Street,,Huntingdon,Pennsylvania,16652
United States,877 Executive Center Dr. West  Suite 100,,St. Petersburg,Florida,33702
United States,2890 Inland Empire Boulevard  Suite 100,,Ontario,California,91764
United States,50 Phelan Avenue Science Hall  Room 127,,San Francisco,California,94112
United States,6180 Laurel Canyon Boulevard  Suite 101,,North Hollywood,California,91606
United States,One Cherry Hill  One Mall Drive Ste.700,,Cherry Hill,New Jersey,08002
United States,6000 Lombardo Center  Suite 200 205 210,,Seven Hills,Ohio,44131
United States,Vermillion Square - 8919 New Falls Road,,Levittown,Pennsylvania,19054
United States,11101 Roosevelt Boulevard N.  Suite 100,,Saint Petersburg,Florida,33716
United States,3231 North Decatur Boulevard Suites 119,,Las Vegas,Nevada,89130
United States,222 Merchandise Mart Plaza  Suite 4-124,,Chicago,Illinois,60654
United States,2001 Jefferson Davis Highway  Suite 511,,Arlington,Virginia,22202
United States,12257 South Business Park Drive-Ste 108,,Draper,Utah,84020
United States,Shops @ Kings Grant 10075 Weddington Rd,,Concord,North Carolina,28027
United States,9503 Research Blvd Building 3 Suite 310,,Austin,Texas,78759
United States,1755 George Washington Memorial Highway,,Gloucester Point,Virginia,23062
United States,755 Lawrenceville-Suwannee Rd Bldg 1300,,Lawrenceville,Georgia,30043
United States,13402 North Scottsdale Road; Suite B160,,Scottsdale,Arizona,85254
United States,6400 Laurel Canyon Boulevard  Suite 270,,North Hollywood,California,91606
United States,10995-11001 North 99th Avenue  Unit 105,,Peoria,Arizona,85345
United States,1515 South Buckner Boulevard  Suite 147,,Dallas,Texas,75217
United States,4550 Montgomery Avenue  Suite 100 North,,Bethesda,Maryland,20814
United States,11830 Westline Industrial Dr.  Ste. 106,,St. Louis,Missouri,63146
United States,13333 South West 68th Parkway Suite 010,,Tigard,Oregon,97223
United States,8601 MacArthur Boulevard  Building 100,,Oakland,California,94605
United States,5659 East Kings Canyon Road  Suite 101,,Fresno,California,93727
United States,800 National City Boulevard  Suite 110,,National City,California,91950
United States,150 Professional Center Drive  Suite C,,Rohnert Park,California,94928
United States,9291 Old Redwood Highway  Building 500,,Windsor,California,95492
United States,100 Washington Avenue South  Suite 900,,Minneapolis,Minnesota,55401
United States,249 University Avenue  Blumenthal Hall,,Newark,New Jersey,07102
United States,1600 South Arlington Street  Suite 100,,Akron,Ohio,44306
United States,401 East  Winding Hill Road  Suite 101,,Mechanicsburg,Pennsylvania,17055
United States,906 SE Everett Mall Parkway  6th Floor,,Everett,Washington,98208
United States,1400 South International Parkway South,,Lake Mary,Florida,32746
United States,4425 West. Jose Regueiro (20th) Avenue,,Hialeah,Florida,33012
United States,500 East Carson Plaza Drive  Suite 103,,Carson,California,90746
United States,Academic Center  801 West Trade Street,,Charlotte,North Carolina,28202
United States,10217 N. Metro Parkway West  Suite 102,,Phoenix,Arizona,85710
United States,7309 East 21st Street North Suite G-40,,Wichita,Kansas,67206
United States,4511 Horizon Hill Boulevard  Suite 300,,San Antonio,Texas,78229
United States,2015 Ayrsley Town Boulevard  Suite 109,,Charlotte,North Carolina,28273
United States,15650 North Black Canyon Highway  B210,,Phoenix,Arizona,85053
United States,2325 South Stemmons Freeway  Suite 404,,Lewisville,Texas,75067
United States,12631 East Imperial Highway Bldg D-108,,Santa Fe Springs,California,90670
United States,1514 East Cleveland Avenue  Suite 113S,,East Point,Georgia,30344
United States,1471 Martin Luther King Junior Avenue,,Long Beach,California,90813
United States,25375 Orchard Village Road  Suite 200,,Valencia,California,91355
United States,2300 West Caldwell Street  Building A,,Compton,California,90220
United States,9300 Imperial Highway  Clark Building,,Downey,California,90242
United States,13032 Bitney Springs Road  Building 8,,Nevada City,California,95959
United States,13605 Pacific Highlands Ranch Parkway,,San Diego,California,92130
United States,1400 Martin Luther King  Junior Drive,,Oxnard,California,93030
United States,15147 N. Scottsdale Road  Suite H-300,,Scottsdale,Arizona,85254
United States,240 North Brand Boulevard Lower Level,,Glendale,California,91203
United States,1325 S. Colorado Boulevard  Suite 100,,Denver,Colorado,80222
United States,Route 18  Seashore Highway PO Box 610,,Georgetown,Delaware,19947
United States,9550 Regency Square Blvd.  Suite 1100,,Jacksonville,Florida,32225
United States,1341 West Mokingbird Lane  Suite 200E,,Dallas,Texas,75247
United States,144 Vocational Road  Three Mile Curve,,Stollings,West Virginia,25646
United States,777 Penn Center Boulevard  Building 7,,Pittsburgh,Pennsylvania,15235
United States,6333 East Mockingbird Lane  Suite 201,,Dallas,Texas,75214
United States,1001 N.E. Green Oaks Blvd.  Suite 190,,Arlington,Texas,76006
United States,Oil City Campus 701 East Third Street,,Oil City,Pennsylvania,16301
United States,6200 Shingle Creek Parkway  Suite 130,,Brooklyn Center,Minnesota,55430
United States,1630 South Congress Avenue  Suite 300,,Palm Springs,Florida,33461
United States,4850 W. Oakland Park Blvd.  Suite 224,,Lauderdale Lakes,Florida,33313
United States,7905 Golden Triangle Drive  Suite 100,,Eden Prairie,Minnesota,55344
United States,7619 Little River Turnpike  5th Floor,,Annandale,Virginia,22003
United States,1133 S. Edwin C Moses Blvd  Suite 110,,Dayton,Ohio,45417
United States,500 E Ben White Blvd Bldg. E  Ste 100,,Austin,Texas,78704
United States,4410 East Claiborne Square  Suite 233,,Hampton,Virginia,23666
United States,86 North University Avenue  Suite 130,,Provo,Utah,84601
United States,5200 Lankershim Boulevard - Suite 150,,North Hollywood,California,91601
United States,8242 South University Blvd  Suite 100,,Centennial,Colorado,80122
United States,1015 W. University Avenue   Suite 700,,Georgetown,Texas,78628
United States,8428 West 13th Street North Suite 120,,Wichita,Kansas,67212
Greenland,1231 Highland,,Houston,,77076
Spain,Bogus 123 Lane Bldg A,,Austin,Texas,77587
Hong Kong,Box 4175,28 Des Voeux Road,Sheung Wan,Hong Kong,N/A
Mexico,Box 58,,Austin,Texas,6600
Germany,Hainichener Strasse 64,,Freiberg,Germany,N/A
Japan,46 Hirao Johsui Machi,,Chuo-ku Fukuoka-Shi,Fukuoka,
Thailand,333 Charoen Nakorn,,Bangkok,Khlong San,10600
India,62,3rd Kumbharwada,Dr MG Mahimtura Marg Chor Bazaar,Mumbai,Maharashtra,400004
Netherlands,23 Burgemeester Jonkheer Hesselt van Dinterstraat,,Nootdorp,Netherlands,2631
Netherlands,Oudezijds Voorburgwal 197 ,,Amsterdam,,1012 EX
United Kingdom,2 Ffordd Caergybi ,,Llanfairpwllgwyngyllgogerychwyrndrobwllllantysiliogogogoch,,LL61 5TZ
India,CO 445-446, Sector 35-C, 1st Floor ,,Chandigarh,Chandigarh,160016
Australia,1313 Mockingbird Lane,Mockingbird Heights,Perth,Western Australia,
Indonesia,Kawasan Pariwisata Nusa Dua, Btdc Lot N-3,,Nusa Dua,Bali,
Belarus,Vulica Internacyjanalnaja 28,,Minsk,Belarus,220030
France,65 Rue D'anjou,,Versailles,,78000
France,61 Rue d'Anjou,,Versailles,Versailles,78000
France,13 Rue Monseigneur Gibier,,Versailles,,78000
France,16 Rue Des Francs-Bourgeois,3E Arrondissement,Paris,,75003
France,152 Boulevard Voltaire,11E Arrondissement,Paris,,75011
Netherlands,Gedempte Zuiderdiep 78,,Groningen,,9711 HL
Netherlands,Vismarkt 27,,Groningen,,9712 CA
France,Rue Port Notre Dame,,Sainte Marie De Re,,17740
France,1-3 Rue Thiers,,La Rochelle,,17000
France,30 Rue Rameau,,La Rochelle,,17000
Belgium,Avenue De L'atomium,,Brussel,,1020
Belgium,Avenue De Jette 406,,Ganshoren,,1083
China,9 Jianguomenneidajie,,Dongchengqu,Beijing,100005
China,Bldg 1,11 Sanlitunlu,Dongchengqu,Beijing,100027
Turkey,Alemdar Mah.,Catalcesme Sokagi No:21,Fatih,Istanbul,34110
Jordan,Mahmoud Ibrahim Al Badawi & Partners Co,42 Al Qastalani St,Amman,,11591
Jordan,Suleiman Mohammad Al Banna & Sons Co,48 Ubay Bin Muath St,Amman,,11593
Jordan,Complex 62,62 Mohammad Reda Al Shabibi St,Amman,,11593
Belgium,Avenue De Jette 406,,Ganshoren,Brussels,1083